"";"Numer.......................................wpisu";"Imiê.i.nazwisko.lub.nazwa.inwestora";"Data.wpisu";"Adres";"Rodzaj";"opis";"typ";"Data.wniosku";"Nr...............wniosku";"Nr...............decyzji";"Data.decyzji";"Rok.wniosku";"Miesi¹c.wniosku";"data";"Czas.rozpatrzenia";"lon";"lat"
"2480";3346;"";"";"Figowa  ";"bud.mieszkalne jednorodzinne";"budowa zespo³u budynków jednorodzinnych";"nowe";"2015-10-16";"34341/15";"6348/15";"2015-12-01";2015;10;"2015-10-01";33;17,2066759;51,0935031
"2481";3350;"";"";"Górecka 106 ";"bud.mieszkalne jednorodzinne";"budowa budynku mieszkalnego jednorodzinnego";"nowe";"2015-09-24";"31623/15";"6355/15";"2015-12-01";2015;9;"2015-09-01";49;16,912899;51,1561309
"2482";3352;"";"";"Figowa  ";"bud.o dwóch mieszkaniach";"budowa trzech budynków mieszkalnych jednorodzinnych w zabudowie szeregowej";"nowe";"2015-10-16";"34342/15";"6357/15";"2015-12-01";2015;10;"2015-10-01";33;17,2066759;51,0935031
"2483";3377;"";"";"Jahna Alfreda  21 ";"bud.o dwóch mieszkaniach";"budowa budynków mieszkalnych jednorodzinnych";"nowe";"2015-11-17";"37815/15";"6400/15";"2015-12-03";2015;11;"2015-11-01";13;16,8734874;51,1616158
"2484";3396;"";"";"Uczniowska 3 ";"bud.mieszkalne jednorodzinne";"budowa budynku jednorodzinnego wolno stoj¹cego";"nowe";"2015-10-05";"33019/15";"6427/15";"2015-12-04";2015;10;"2015-10-01";45;17,0283666;51,0610064
"2485";3398;"";"";"Stra¿acka  ";"bud.mieszkalne jednorodzinne";"budowa budynku jednorodzinnego";"nowe";"2015-11-09";"36996/15";"6433/15";"2015-12-04";2015;11;"2015-11-01";20;17,0157685;51,1721311
"2486";3403;"";"";"Deszczowa  40 ";"bud.o dwóch mieszkaniach";"budowa dwóch budynków mieszkalnych jednorodzinnych";"nowe";"2015-07-27";"24811/15";"6451/15";"2015-12-08";2015;7;"2015-07-01";97;17,0008081;51,0745832
"2487";3411;"";"";"Jutrzenki 71C ";"bud.o dwóch mieszkaniach";"budowa dwóch budynków mieszkalnych jednorodzinnych dwulokalowych";"nowe";"2015-09-23";"31541/15";"6461/15";"2015-12-08";2015;9;"2015-09-01";55;16,9793058;51,0733712
"2488";3423;"";"";"Brodzka  ";"bud.mieszkalne jednorodzinne";"budowa budynku mieszkalnego jednorodzinnego";"nowe";"2015-09-18";"30986/15";"6484/15";"2015-12-09";2015;9;"2015-09-01";59;16,9169143;51,1671142
"2489";3426;"";"";"Chopina Fryderyka  2A ";"bud.mieszkalne jednorodzinne";"budowa budynku mieszkalnego jednorodzinnego z wbudowanym gara¿em";"nowe";"2015-07-16";"23568/15";"6492/15";"2015-12-09";2015;7;"2015-07-01";105;17,0812525;51,1178256
"2490";3445;"";"";"O³taszyñska  ";"bud.o dwóch mieszkaniach";"budowa zespolu budynków mieszkalnych";"nowe";"2015-10-06";"33147/15";"6528/15";"2015-12-10";2015;10;"2015-10-01";48;17,0086477;51,0628032
"2491";3457;"";"";"Gromadzka  ";"bud.mieszkalne jednorodzinne";"budowa budynku jednorodzinnego";"nowe";"2015-08-11";"26471/15";"6547/15";"2015-12-10";2015;8;"2015-08-01";88;16,8487876;51,1292931
"2492";3458;"";"";"£ukowska  55 ";"bud.mieszkalne jednorodzinne";"budowa budynku mieszkalnego jednorodzinnego";"nowe";"2015-09-23";"31545/15";"6550/15";"2015-12-11";2015;9;"2015-09-01";58;16,9227404;51,1659595
"2493";3459;"";"";"Tulipanowa 3 ";"bud.mieszkalne jednorodzinne";"budowa budynku mieszkalnego jednorodzinnego w zabudowie szeregowej";"nowe";"2015-10-09";"33644/15";"6551/15";"2015-12-11";2015;10;"2015-10-01";46;17,0296537;51,0596898
"2494";3466;"";"";"Iracka  14 ";"bud.mieszkalne jednorodzinne";"budowa budynku mieszkalnego";"nowe";"2015-09-18";"30954/15";"6560/15";"2015-12-11";2015;9;"2015-09-01";61;17,0829266;51,0540844
"2495";3483;"";"";"Ró¿y Wiatrów  ";"bud.o trzech i wiêcej mieszkaniach";"budowa zespo³u budynków mieszkalnych wielorodzinnych r1,r2,r3,r4,r5 z gara¿ami podziemnymi";"nowe";"2015-09-25";"32004/15";"6582/15";"2015-12-14";2015;9;"2015-09-01";57;16,992051;51,0728131
"2496";3488;"";"";"Franciszkañski Plac  ";"bud.o trzech i wiêcej mieszkaniach";"budowa budynku mieszkalnego wielorodzinnego z lokalem us³ugowym";"nowe";"2015-08-07";"26230/15";"6606/15";"2015-12-15";2015;8;"2015-08-01";93;17,0299127;51,1068489
"2497";3500;"";"";"Centralna  36 ";"bud.o trzech i wiêcej mieszkaniach";"budowa budynku mieszkalnego czterolokalowego z lokalem us³ugowym";"nowe";"2015-07-29";"25024/15";"6634/15";"2015-12-16";2015;7;"2015-07-01";101;17,0731;51,063608
"2498";3522;"";"";"Grota-Roweckiego Stefana Gen.  ";"bud.mieszkalne jednorodzinne";"budowa budynku jednorodzinnego z uslugami";"nowe";"2015-09-28";"32114/15";"6668/15";"2015-12-17";2015;9;"2015-09-01";59;17,0325316;51,056754
"2499";3527;"";"";"Buforowa  ";"bud.o dwóch mieszkaniach";"budowa osmiu budynków mieszkalnych jednorodzinnych";"nowe";"2015-10-16";"34491/15";"6680/15";"2015-12-18";2015;10;"2015-10-01";46;17,0570783;51,0574178
"2500";3531;"";"";"  ";"bud.mieszkalne jednorodzinne";"budowa budynku mieszkalnego jednorodzinnego";"nowe";"2015-09-23";"31620/15";"6687/15";"2015-12-18";2015;9;"2015-09-01";63;17,0385376;51,1078852
"2501";3541;"";"";"Magellana Ferdynanda  ";"bud.o trzech i wiêcej mieszkaniach";"budowa budybnków mieszkalnych  wielorodzinnych";"nowe";"2015-10-12";"33791/15";"6703/15";"2015-12-18";2015;10;"2015-10-01";50;17,1216276;51,1116821
"2502";3544;"";"";"Czapliñskiego  W³adys³awa  42 ";"bud.mieszkalne jednorodzinne";"budowa budynku jednorodzinnego";"nowe";"2015-12-04";"40023/15";"6706/15";"2015-12-18";2015;12;"2015-12-01";11;16,8722456;51,1636156
"2503";3554;"";"";"Koœcielna  ";"bud.o trzech i wiêcej mieszkaniach";"budowa budynku mieszkalnego wielorodzinnego";"nowe";"2015-02-13";"4505/15";"6722/15";"2015-12-21";2015;2;"2015-02-01";222;16,9807447;51,0642643
"2504";3562;"";"";"Magellana Ferdynanda  ";"bud.o trzech i wiêcej mieszkaniach";"budowa zespo³u budynków wielorodzinnych";"nowe";"2015-10-12";"33790/15";"6733/15";"2015-12-21";2015;10;"2015-10-01";51;17,1216276;51,1116821
"2505";3563;"";"";"Pieniñska 4 ";"bud.mieszkalne jednorodzinne";"budowa budynku jednorodzinnego";"nowe";"2015-11-04";"36451/15";"6735/15";"2015-12-21";2015;11;"2015-11-01";34;16,8909128;51,1503016
"2506";3564;"";"";"Igielna  ";"bud.o trzech i wiêcej mieszkaniach";"budowa budynku mieszkalno-us³ugowego";"nowe";"2015-07-15";"23348/15";"6738/15";"2015-12-21";2015;7;"2015-07-01";114;17,0321469;51,1115111
"2507";3566;"";"";"Polo Marca  ";"bud.o trzech i wiêcej mieszkaniach";"budowa budynku mieszkalnego wielorodzinnego";"nowe";"2015-10-20";"34798/15";"6740/15";"2015-12-22";2015;10;"2015-10-01";46;17,1160196;51,1115561
"2508";3569;"";"";"Obornicka  ";"bud.o trzech i wiêcej mieszkaniach";"zespó³ trzech budynków mieszkalnych";"nowe";"2015-11-18";"38126/15";"6744/15";"2015-12-22";2015;11;"2015-11-01";25;17,0216138;51,1467355
"2509";3599;"";"";"Bazyliowa  ";"bud.mieszkalne jednorodzinne";"budowa  czterech budynków mieszkalnych jednorodzinnych dwulokalowych w zabudowie szeregowej";"nowe";"2015-11-26";"38961/15";"6811/15";"2015-12-29";2015;11;"2015-11-01";24;17,0020369;51,174609
"2510";3606;"";"";"Janowska  ";"bud.mieszkalne jednorodzinne";"budowa budynku mieszkalnego jednorodzinnego";"nowe";"2015-10-29";"35896/15";"6828/15";"2015-12-30";2015;10;"2015-10-01";45;16,9069681;51,1878024
"2511";3609;"";"";"Tuwima Juliana  ";"bud.o dwóch mieszkaniach";"budowa budynku jednorodzinnego";"nowe";"2015-10-02";"32848/15";"6834/15";"2015-12-30";2015;10;"2015-10-01";64;17,0030539;51,0747468
"2512";3612;"";"";"Bazyliowa  ";"bud.o dwóch mieszkaniach";"budowa trzech budynków mieszkalnych jednorodzinnych dwulokalowych w zabudowie szeregowej";"nowe";"2015-11-26";"38960/15";"6838/15";"2015-12-30";2015;11;"2015-11-01";25;17,0020369;51,174609
"2513";3618;"";"";"Dmowskiego Romana  ";"bud.o trzech i wiêcej mieszkaniach";"budowa budynku wielorodzinnego";"nowe";"2015-11-12";"37351/15";"6849/15";"2015-12-31";2015;11;"2015-11-01";36;17,0215688;51,1169497
"2514";3620;"";"";"Przedwioœnie  ";"bud.mieszkalne jednorodzinne";"budowa budynku mieszkalnego jednorodzinnego";"nowe";"2015-12-21";"41865/15";"6855/15";"2015-12-31";2015;12;"2015-12-01";9;17,1097224;51,164505
"2515";3621;"";"";"Kowieñska  ";"bud.mieszkalne jednorodzinne";"";"nowe";"2015-12-18";"41710/15";"6859/15";"2015-12-31";2015;12;"2015-12-01";10;17,1330904;51,1415978
"2516";9;"";"";"Bu³garska 3 ";"bud.o dwóch mieszkaniach";"budowa 2 budynków jednorodzinnych";"nowe";"2015-02-09";"3863/15";"16-paŸ";"2016-01-05";2015;2;"2015-02-01";237;17,0274359;51,1353159
"2517";19;"";"";"Kowale,AM-6";"bud.mieszkalne jednorodzinne";"budowa budynku jednorodzinnego";"nowe";"2015-11-05";"36761/15";"26/16";"2016-01-05";2015;11;"2015-11-01";44;17,0385376;51,1078852
"2518";27;"";"";"Pakos³awska  ";"bud.mieszkalne jednorodzinne";"budowa budynku jednorodzinnego";"nowe";"2015-11-04";"36455/15";"40/16";"2016-01-07";2015;11;"2015-11-01";47;17,0330982;51,1530443
"2519";33;"";"";"Zielonego Dêbu 7 ";"bud.mieszkalne jednorodzinne";"budowa budynków mieszkalnych jednorodzinnych";"nowe";"2015-08-27";"28359/15";"47/16";"2016-01-07";2015;8;"2015-08-01";96;17,083599;51,1059372
"2520";43;"";"";"Fryzjerska  ";"bud.mieszkalne jednorodzinne";"budowa budynku mieszkalnego jednorodzinnego";"nowe";"2015-10-30";"35934/15";"69/16";"2016-01-08";2015;10;"2015-10-01";51;17,0147444;51,1804744
"2521";55;"";"";"Zegarmistrzowska  ";"bud.mieszkalne jednorodzinne";"budowa budynku mieszkalnego jednorodzinnego wolnostoj¹cego";"nowe";"2015-10-23";"35231/15";"94/16";"2016-01-11";2015;10;"2015-10-01";57;17,0203266;51,1709778
"2522";63;"";"";"Stab³owicka 109B ";"bud.mieszkalne jednorodzinne";"budowa budynku mieszkalnego jednorodzinnego wolno stoj¹cego z wbudowanym lokalem us³ugowym w parterze";"nowe";"2015-10-20";"34750/15";"116/16";"2016-01-12";2015;10;"2015-10-01";61;16,8986929;51,16504
"2523";85;"";"";"¯egiestowska  13 ";"bud.o trzech i wiêcej mieszkaniach";"budowa zespo³u budynków mieszkalnych";"nowe";"2015-11-09";"37106/15";"152/16";"2016-01-13";2015;11;"2015-11-01";48;17,039254;51,082062
"2524";98;"";"";"Magellana Ferdynanda  ";"bud.o trzech i wiêcej mieszkaniach";"budowa zespo³u budynków mieszkalnych wielorodzinnychz uslugami";"nowe";"2015-10-14";"34145/15";"175/16";"2016-01-14";2015;10;"2015-10-01";67;17,1216276;51,1116821
"2525";114;"";"";"Leœnica,AM-3";"bud.mieszkalne jednorodzinne";"budowa budynku mieszkalnego jednorodzinnego";"nowe";"2015-10-12";"33871/15";"206/16";"2016-01-15";2015;10;"2015-10-01";70;17,0385376;51,1078852
"2526";129;"";"";"So³tysowicka  32 ";"bud.o trzech i wiêcej mieszkaniach";"budowa zepo³u budynków mieszkalnych  wielorodzinnych";"nowe";"2015-11-16";"37771/15";"235/16";"2016-01-18";2015;11;"2015-11-01";46;17,072122;51,144939
"2527";133;"";"";"Jagodno,AM-4";"bud.mieszkalne jednorodzinne";"budowa budynku jednorodzinnego";"nowe";"2015-11-23";"38618/15";"248/16";"2016-01-19";2015;11;"2015-11-01";42;17,0385376;51,1078852
"2528";158;"";"";"£ukowska  47 ";"bud.mieszkalne jednorodzinne";"budowa budynku mieszkalnego jednorodzinnego wolno stoj¹cego";"nowe";"2015-11-02";"36165/15";"296/16";"2016-01-21";2015;11;"2015-11-01";59;16,9227404;51,1659595
"2529";160;"";"";"¯wirowa 21A ";"bud.mieszkalne jednorodzinne";"budowa budynku jednorodzinnego";"nowe";"2015-11-27";"39217/15";"298/16";"2016-01-21";2015;11;"2015-11-01";40;16,8807248;51,1392237
"2530";164;"";"";"Sarnia  ";"bud.mieszkalne jednorodzinne";"budowa budynku jednorodzinnego";"nowe";"2015-12-02";"39649/15";"305/16";"2016-01-21";2015;12;"2015-12-01";37;17,0535038;51,0482219
"2531";171;"";"";"Jagodno,AM-4";"bud.mieszkalne jednorodzinne";"budowa budynku jednorodzinnego";"nowe";"2015-11-23";"38617/15";"316/16";"2016-01-22";2015;11;"2015-11-01";45;17,0385376;51,1078852
"2532";191;"";"";"Œremska  ";"bud.mieszkalne jednorodzinne";"budowa budynku jednorodzinnego";"nowe";"2015-11-10";"37286/15";"355/16";"2016-01-26";2015;11;"2015-11-01";56;16,9934634;51,1417924
"2533";192;"";"";"Lidzka  ";"bud.o dwóch mieszkaniach";"budowa zespo³u zabudowy mieszkaniowej jednorodzinnej w uk³adzie szeregowym";"nowe";"2015-10-15";"34326/15";"356/16";"2016-01-26";2015;10;"2015-10-01";74;17,0385376;51,1078852
"2534";216;"";"";"Cynamonowa  ";"bud.o trzech i wiêcej mieszkaniach";"budowa zespo³u czterech budynków mieszkalnych wielorodzinnych z wbudowanymi us³ugami";"nowe";"2015-11-06";"36880/15";"404/16";"2016-01-28";2015;11;"2015-11-01";60;16,9977454;51,1759359
"2535";218;"";"";"Do¿ynkowa  ";"bud.o trzech i wiêcej mieszkaniach";"budowa budynków wielorodzinnych";"nowe";"2015-11-26";"38972/15";"407/16";"2016-01-28";2015;11;"2015-11-01";46;16,9833334;51,0700216
"2536";225;"";"";"Stab³owice, AM-10,dz.76/5";"bud.o trzech i wiêcej mieszkaniach";"budowa dwóch budynków mieszkalnych jednorodzinnych dwulokalowych w zabudowie bli¿niaczej";"nowe";"2015-10-23";"35165/15";"432/16";"2016-01-29";2015;10;"2015-10-01";71;17,0385376;51,1078852
"2537";233;"";"";"Dzia³dowska  22 ";"bud.o dwóch mieszkaniach";"budowa dwóch budynków mieszkalnych jednorodzinnych dwulokalowych w zabudowie bli¿niaczej";"nowe";"2015-11-10";"37114/15";"451/16";"2016-02-01";2015;11;"2015-11-01";60;17,103476;51,1300529
"2538";235;"";"";"Niepierzyñska 4 ";"bud.mieszkalne jednorodzinne";"budowa dwóch budynków mieszkalnych jednorodzinnych w zabudowie bli¿niaczej";"nowe";"2015-11-23";"38641/15";"454/16";"2016-02-01";2015;11;"2015-11-01";51;16,8587337;51,1471813
"2539";242;"";"";"Brylantowa  ";"bud.o dwóch mieszkaniach";"budowa zespo³u budynków mieszkalnych jednorodzinnych dwulokalowych w zabudowie szeregowej z wbudowanymi gara¿ami";"nowe";"2015-11-17";"37962/15";"469/16";"2016-02-02";2015;11;"2015-11-01";56;17,0278694;51,0490594
"2540";259;"";"";"Brylantowa  ";"bud.o dwóch mieszkaniach";"budowa zespo³u budynków mieszkalnych jednorodzinnych dwulokalowych w zabudowie szeregowej z wbudowanymi gara¿ami";"nowe";"2015-11-17";"37961/15";"506/16";"2016-02-02";2015;11;"2015-11-01";56;17,0278694;51,0490594
"2541";268;"";"";"Ksiêgarska  20 ";"bud.mieszkalne jednorodzinne";"budowa budynku jednorodzinnego";"nowe";"2015-12-02";"39669/15";"532/16";"2016-02-04";2015;12;"2015-12-01";47;17,016552;51,1770039
"2542";278;"";"";"Brodzka  ";"bud.mieszkalne jednorodzinne";"budowa budynku jednorodzinnego";"nowe";"2015-12-14";"40911/15";"558/16";"2016-02-05";2015;12;"2015-12-01";40;16,9169143;51,1671142
"2543";280;"";"";"Szkolna  ";"bud.mieszkalne jednorodzinne";"budowa budynku jednorodzinnego";"nowe";"2015-11-20";"38394/15";"561/16";"2016-02-05";2015;11;"2015-11-01";56;16,8478247;51,1310134
"2544";307;"";"";"Mieszczañska  ";"bud.o trzech i wiêcej mieszkaniach";"budowa budynku mieszkalnego z gara¿em";"nowe";"2015-09-23";"31515/15";"600/16";"2016-02-09";2015;9;"2015-09-01";100;17,0264295;51,1174612
"2545";312;"";"";"Urodzajna  ";"bud.mieszkalne jednorodzinne";"budowa budynku mieszkalnego jednorodzinnego";"nowe";"2016-01-05";"229/16";"611/16";"2016-02-09";2016;1;"2016-01-01";26;17,0385376;51,1078852
"2546";337;"";"";"Dmowskiego Romana  13 ";"bud.o trzech i wiêcej mieszkaniach";"budowa budynku mieszkalnego wielorodzinnego z us³ugami w parterze";"nowe";"2015-09-15";"30393/15";"647/16";"2016-02-11";2015;9;"2015-09-01";108;17,0207333;51,1170197
"2547";338;"";"";"Polanowicka  ";"bud.mieszkalne jednorodzinne";"budowa zespo³u budynków mieszkalnych jednorodzinnych w zabudowie bli¿niaczej";"nowe";"2015-12-17";"41503/15";"655/16";"2016-02-11";2015;12;"2015-12-01";41;17,0362987;51,1653609
"2548";347;"";"";"Mieroszowska  26 ";"bud.mieszkalne jednorodzinne";"budowa budynku mieszkalnego jednorodzinnego wolno stoj¹cego z gara¿em";"nowe";"2015-12-14";"40905/15";"667/16";"2016-02-11";2015;12;"2015-12-01";44;16,895694;51,1394397
"2549";361;"";"";"Wilkszyñska  ";"bud.mieszkalne jednorodzinne";"budowa busynku mieszkalnego jednorodzinnego";"nowe";"2015-11-23";"38646/15";"692/16";"2016-02-15";2015;11;"2015-11-01";61;16,8830462;51,1749656
"2550";368;"";"";"Mieroszowska  ";"bud.o dwóch mieszkaniach";"budowa czterech budynków dwulokalowych w zabudowie bliŸniaczej";"nowe";"2016-01-22";"1940/16";"705/16";"2016-02-15";2016;1;"2016-01-01";17;16,895921;51,1405203
"2551";370;"";"";"Strachocin, AM-8, dz. 85/2";"bud.mieszkalne jednorodzinne";"budowa budynku jednorodzinnego";"nowe";"2015-11-13";"37577/15";"708/16";"2016-02-15";2015;11;"2015-11-01";67;17,0385376;51,1078852
"2552";393;"";"";"Tatarska 9 ";"bud.o trzech i wiêcej mieszkaniach";"budowa zespo³u budynków mieszkalnych wielorodzinnych z gara¿em podziemnym";"nowe";"2015-02-13";"4559/15";"747/16";"2016-02-17";2015;2;"2015-02-01";264;17,0818382;51,0599826
"2553";396;"";"";"Bazyliowa  ";"bud.mieszkalne jednorodzinne";"budowa czterech budynków mieszkalnych jednorodzinnych dwulokalowych w zabudowie szeregowej";"nowe";"2015-12-18";"41560/15";"755/16";"2016-02-17";2015;12;"2015-12-01";44;17,0020369;51,174609
"2554";397;"";"";"Majerankowa  ";"bud.mieszkalne jednorodzinne";"budowa 3 budynków jednorodzinnych";"nowe";"2015-12-18";"41561/15";"756/16";"2016-02-17";2015;12;"2015-12-01";44;17,0021179;51,173392
"2555";404;"";"";"Beethovena Ludwiga Van  ";"bud.mieszkalne jednorodzinne";"budowa budynku mieszkalnego jednorodzinnego";"nowe";"2015-12-17";"41385/15";"764/16";"2016-02-18";2015;12;"2015-12-01";46;17,0637551;51,0539783
"2556";407;"";"";"Koœciañska  ";"bud.mieszkalne jednorodzinne";"budowa budynku mieszkalnego";"nowe";"2015-12-03";"39753/15";"768/16";"2016-02-18";2015;12;"2015-12-01";56;16,883311;51,1430507
"2557";411;"";"";"Syrokomli W³adys³awa  ";"bud.mieszkalne jednorodzinne";"budowa budynku mieszkalnego jednorodzinnego wraz z elementami zagiospodarowania terenu";"nowe";"2015-12-16";"41243/15";"779/16";"2016-02-19";2015;12;"2015-12-01";48;17,047649;51,1398881
"2558";419;"";"";"Têczowa  83 ";"bud.o trzech i wiêcej mieszkaniach";"budowa budynku wielorodzinnego";"nowe";"2015-10-26";"35371/15";"794/16";"2016-02-19";2015;10;"2015-10-01";85;17,0086046;51,104996
"2559";423;"";"";"Przedmiejska 2 ";"bud.o trzech i wiêcej mieszkaniach";"budowa budynku mieszkalnego wielorodzinnego z uslugami";"nowe";"2015-12-03";"39907/15";"800/16";"2016-02-19";2015;12;"2015-12-01";57;16,9975479;51,1200069
"2560";437;"";"";"Jagielloñska  ";"bud.mieszkalne jednorodzinne";"budowa budynku jednorodzinnego";"nowe";"2015-12-11";"40893/15";"831/16";"2016-02-23";2015;12;"2015-12-01";53;17,1304246;51,1647305
"2561";452;"";"";"Opolska 21-21A ";"bud.o trzech i wiêcej mieszkaniach";"budowa budynku wielorodzinnego";"nowe";"2015-11-05";"36578/15";"852/16";"2016-02-24";2015;11;"2015-11-01";80;17,080271;51,079633
"2562";481;"";"";"Ksiêcia Witolda 25 ";"bud.o trzech i wiêcej mieszkaniach";"budowa budynku mieszkalnego wielorodzinnego z us³ugami w parterze i gara¿em podziemnym";"nowe";"2015-11-10";"37116/15";"921/16";"2016-02-29";2015;11;"2015-11-01";80;17,0274388;51,1149025
"2563";482;"";"";"Kminkowa  ";"bud.mieszkalne jednorodzinne";"budowa budynku mieszkalnego";"nowe";"2016-01-27";"2439/16";"923/16";"2016-02-29";2016;1;"2016-01-01";24;17,0009094;51,1783728
"2564";494;"";"";"Rybnicka  12 ";"bud.o trzech i wiêcej mieszkaniach";"budowa wielorodzinnego budynku z gara¿em";"nowe";"2015-06-29";"21161/15";"944/16";"2016-03-01";2015;6;"2015-06-01";177;17,080792;51,0815259
"2565";499;"";"";"Bociania 8 ";"bud.mieszkalne jednorodzinne";"budowa budynku mieszkalnego jednorodzinnego";"nowe";"2016-01-27";"2513/16";"952/16";"2016-03-02";2016;1;"2016-01-01";26;17,0996606;51,1326084
"2566";513;"";"";"£ukowska  38 ";"bud.mieszkalne jednorodzinne";"budowa budynku jednorodzinnego";"nowe";"2015-12-14";"41025/15";"976/16";"2016-03-03";2015;12;"2015-12-01";59;16,9227404;51,1659595
"2567";528;"";"";"W¹sowicza Józefa  20 ";"bud.mieszkalne jednorodzinne";"budowa budynku mieszkalnego jednorodzinnego";"nowe";"2016-02-10";"4070/16";"1000/16";"2016-03-04";2016;2;"2016-02-01";18;16,8748665;51,1613998
"2568";536;"";"";"Kamieñskiego Henryka Micha³a 266 ";"bud.mieszkalne jednorodzinne";"budowa jednorodzinnego budynku w zabudowie szeregowej";"nowe";"2016-02-04";"3469/16";"1012/16";"2016-03-07";2016;2;"2016-02-01";23;17,0451916;51,1630208
"2569";566;"";"";"Azaliowa  ";"bud.mieszkalne jednorodzinne";"budowa budynku mieszkalnego jednorodzinnego";"nowe";"2015-12-28";"42319/15";"1063/16";"2016-03-09";2015;12;"2015-12-01";53;17,11111;51,1653081
"2570";567;"";"";"£anowskiego Jerzego 1 ";"bud.mieszkalne jednorodzinne";"budowa budynku mieszkalnego jednorodzinnego";"nowe";"2016-02-22";"5444/16";"1066/16";"2016-03-09";2016;2;"2016-02-01";13;17,0385376;51,1078852
"2571";571;"";"";"Postêpowa  6B ";"bud.mieszkalne jednorodzinne";"budowa budynku mieszkalnego jednorodzinnego wolno stoj¹cego z gara¿em";"nowe";"2016-01-22";"1925/16";"1072/16";"2016-03-09";2016;1;"2016-01-01";34;16,939504;51,0968899
"2572";612;"";"";"Bêdziñska  1A ";"bud.mieszkalne jednorodzinne";"budowa budynku jednorodzinnego";"nowe";"2015-12-17";"41519/15";"1152/16";"2016-03-14";2015;12;"2015-12-01";63;17,0341719;51,066581
"2573";641;"";"";"Zgorzelisko,AM-1,dz.34";"bud.o trzech i wiêcej mieszkaniach";"budowa trzech budynków mieszkalnych";"nowe";"2016-02-19";"5071/16";"1202/16";"2016-03-17";2016;2;"2016-02-01";20;17,0385376;51,1078852
"2574";642;"";"";"Baudouina De Courtenay J.  15 ";"bud.mieszkalne jednorodzinne";"budowa budynku mieszkalnego jednorodzinnego";"nowe";"2015-12-09";"40488/15";"1204/16";"2016-03-17";2015;12;"2015-12-01";72;17,0723687;51,1251962
"2575";658;"";"";"Nadolicka 5 ";"bud.mieszkalne jednorodzinne";"budynek mieszkalny jednorodzinny z zagospodarowaniem terenu";"nowe";"2016-01-07";"368/16";"1242/16";"2016-03-21";2016;1;"2016-01-01";53;17,1604878;51,0972893
"2576";682;"";"";"Paw³owice,AM-1,dz.48/8";"bud.o dwóch mieszkaniach";"budowa budynku mieszkalnego jednorodzinnego dwulokalowego";"nowe";"2015-12-17";"41516/15";"1285/16";"2016-03-23";2015;12;"2015-12-01";70;17,0385376;51,1078852
"2577";687;"";"";"A³unowa  Polanowice,AM-10,dz.26/9";"bud.mieszkalne jednorodzinne";"budowa budynkow mieszkalnych jednorodzinnych w zabudowie bliŸniaczej";"nowe";"2016-02-05";"3569/16";"1292/16";"2016-03-23";2016;2;"2016-02-01";34;17,0385376;51,1078852
"2578";695;"";"";"Ananasowa  Stab³owice,AM-17,dz.7/1,7/2,173/1";"bud.mieszkalne jednorodzinne";"budowa 5 budynków  w zabudowie szeregowej";"nowe";"2016-02-03";"3312/16";"1309/16";"2016-03-24";2016;2;"2016-02-01";37;17,0385376;51,1078852
"2579";706;"";"";"Steinhausa Hugona  Oporów,AM-8,dz.204/6";"bud.mieszkalne jednorodzinne";"budowa budynku jednorodzinnego";"nowe";"2016-02-15";"4520/16";"1323/16";"2016-03-24";2016;2;"2016-02-01";29;17,0385376;51,1078852
"2580";707;"";"";"Ziemniaczana  Bieñkowice,AM-8,dz.78/3";"bud.mieszkalne jednorodzinne";"budowa budynku mieszkalnego jednorodzinnego wolno stoj¹cego";"nowe";"2016-02-01";"2936/16";"1327/16";"2016-03-24";2016;2;"2016-02-01";39;17,0385376;51,1078852
"2581";709;"";"";"Postêpowa  23 ";"bud.mieszkalne jednorodzinne";"budowa budynku mieszkalnego wolno stoj¹cego";"nowe";"2016-03-16";"8189/16";"1331/16";"2016-03-25";2016;3;"2016-03-01";8;16,9412108;51,0967208
"2582";710;"";"";"Sikorcza  Kowale,AM-2,dz.7/1,8/1";"bud.mieszkalne jednorodzinne";"budowa budynku mieszkalnego jednorodzinnego wolno stoj¹cego";"nowe";"2016-01-13";"808/16";"1333/16";"2016-03-25";2016;1;"2016-01-01";53;17,0385376;51,1078852
"2583";714;"";"";"£ukowska  51 ";"bud.mieszkalne jednorodzinne";"budowa budynku mieszkalnego jednorodzinnego wolno stoj¹cego";"nowe";"2016-01-05";"245/16";"1345/16";"2016-03-25";2016;1;"2016-01-01";59;16,9227404;51,1659595
"2584";715;"";"";"Grota-Roweckiego Stefana Gen. 169 ";"bud.mieszkalne jednorodzinne";"budowa budynku mieszkalnego jednorodzinnego";"nowe";"2016-03-02";"6670/16";"1346/16";"2016-03-25";2016;3;"2016-03-01";18;17,0315596;51,0519296
"2585";716;"";"";"Rybnicka  Ksiê¿e Ma³e,AM-4,dz.33/2";"bud.o dwóch mieszkaniach";"budowa dwóch budynków mieszkalnych";"nowe";"2015-11-24";"38766/15";"1347/16";"2016-03-25";2015;11;"2015-11-01";89;17,0385376;51,1078852
"2586";720;"";"";"Kominiarska  Widawa,AM-6,dz.20/17";"bud.mieszkalne jednorodzinne";"budowa budynku jednorodzinnego";"nowe";"2016-02-10";"4083/16";"1353/16";"2016-03-29";2016;2;"2016-02-01";35;17,0385376;51,1078852
"2587";737;"";"";"Boiskowa  Bieñkowice,AM-26,dz.49,54,57";"bud.o trzech i wiêcej mieszkaniach";"budowa zabudowy mieszkaniowej";"nowe";"2016-01-14";"1027/16";"1395/16";"2016-03-31";2016;1;"2016-01-01";56;17,0385376;51,1078852
"2588";741;"";"";"Pu³askiego Kazimierza Gen.  ";"bud.o trzech i wiêcej mieszkaniach";"budowa budynku mieszkalnego wielorodzinnego z wbudowanym gara¿em";"nowe";"2015-09-14";"30303/15";"1403/16";"2016-03-31";2015;9;"2015-09-01";144;17,0456748;51,1004264
"2589";748;"";"";"Kutrzeby Tadeusza Gen.  47 ";"bud.o dwóch mieszkaniach";"budowa 2 budynków mieszkalnych";"nowe";"2016-01-13";"869/16";"1419/16";"2016-04-01";2016;1;"2016-01-01";58;17,0193456;51,0531459
"2590";749;"";"";"Grawerska  80 ";"bud.o dwóch mieszkaniach";"budowa budynku mieszkalnego jednorodzinnego dwulokalowego";"nowe";"2016-02-03";"3306/16";"1420/16";"2016-04-01";2016;2;"2016-02-01";43;17,0107242;51,1721273
"2591";754;"";"";"Zegarmistrzowska,obr.Widawa,AM-9,dz.nr 10/17,10/20  ";"bud.mieszkalne jednorodzinne";"budowa budynku mieszkalnego jednorodzinnego wolno stoj¹cego";"nowe";"2016-02-04";"3381/16";"1428/16";"2016-04-04";2016;2;"2016-02-01";43;17,0385376;51,1078852
"2592";761;"";"";"Zaj¹czkowska,obr.Œwiniary,AM-20,dz.nr 9/1  ";"bud.mieszkalne jednorodzinne";"budowa budynku mieszkalnego wolno stoj¹cego w zabudowie zagrodowej,budynku gospodarczego";"nowe";"2015-12-10";"40639/15";"1443/16";"2016-04-04";2015;12;"2015-12-01";83;17,0385376;51,1078852
"2593";776;"";"";"Zamojska  26 ";"bud.mieszkalne jednorodzinne";"budowa budynku mieszkalnego jednorodzinnego wolno stoj¹cego";"nowe";"2015-12-30";"42552/15";"1492/16";"2016-04-07";2015;12;"2015-12-01";72;16,923405;51,163559
"2594";779;"";"";"Przedœwit,obr.Muchobór Wielki,AM-12,dz.nr 67/10  ";"bud.mieszkalne jednorodzinne";"budowa budynku mieszkalnego jednorodzinnego";"nowe";"2016-01-26";"2292/16";"1495/16";"2016-04-07";2016;1;"2016-01-01";53;17,0385376;51,1078852
"2595";783;"";"";"Rod³a,obr.Jerzmanowo,AM-16,dz.nr 16/5  ";"bud.mieszkalne jednorodzinne";"budowa budynku mieszkalnego jednorodzinnego";"nowe";"2016-03-07";"7159/16";"1505/16";"2016-04-07";2016;3;"2016-03-01";24;17,0385376;51,1078852
"2596";790;"";"";"Jaworska 6 ";"bud.o trzech i wiêcej mieszkaniach";"budowa budynku mieszkalnego czterorodzinnego";"nowe";"2016-02-22";"5445/16";"1517/16";"2016-04-08";2016;2;"2016-02-01";35;16,99309;51,1150049
"2597";795;"";"";"Junacka 11A ";"bud.mieszkalne jednorodzinne";"budowa budynku mieszkalnego jednorodzinnego wolno stoj¹cego";"nowe";"2015-12-04";"39924/15";"1528/16";"2016-04-08";2015;12;"2015-12-01";91;16,8591853;51,152115
"2598";800;"";"";"Bierutowska 69A ";"bud.gara¿y";"budowa wiat rowerowych";"nowe";"2016-01-29";"2734/16";"1534/16";"2016-04-11";2016;1;"2016-01-01";52;17,1359779;51,151534
"2599";803;"";"";"Mikulskiego Tadeusza  29 ";"bud.mieszkalne jednorodzinne";"budowa budynku mieszkalnego jednorodzinnego wolno stoj¹cego";"nowe";"2016-03-16";"8323/16";"1539/16";"2016-04-11";2016;3;"2016-03-01";19;16,9686617;51,0782202
"2600";807;"";"";"Wyk³adowa,obr.Wojnów,AM-9,dz.nr 2/10 ";"bud.mieszkalne jednorodzinne";"budowa budynmku mieszkalnego wraz z elemenami zagospodarowania terenu";"nowe";"2016-01-11";"577/16";"1550/16";"2016-04-11";2016;1;"2016-01-01";66;17,0385376;51,1078852
"2601";832;"";"";"Kawalerzystów,obr.Partynice,AM-10,dz.nr 15/3,15/4,15/6 ";"bud.o trzech i wiêcej mieszkaniach";"budowa budynku wielorodzinnego";"nowe";"2015-06-26";"21026/15";"1599/16";"2016-04-14";2015;6;"2015-06-01";210;17,0385376;51,1078852
"2602";849;"";"";"Konopnickiej Marii  56 ";"bud.mieszkalne jednorodzinne";"budowa budynku mieszkalnego jednorodzinnego z gara¿em wbudowanym";"nowe";"2015-11-30";"39289/15";"1637/16";"2016-04-15";2015;11;"2015-11-01";100;17,0495045;51,141556
"2603";891;"";"";"Wys³oucha Seweryna  1B ";"bud.mieszkalne jednorodzinne";"budowa budynku jednorodzinnego";"nowe";"2016-03-25";"9619/16";"1708/16";"2016-04-19";2016;3;"2016-03-01";18;16,9738095;51,074886
"2604";896;"";"";"Przednia  40 ";"bud.o dwóch mieszkaniach";"budowa budynku mieszkalnego jednorodzinnego wolno stoj¹cego";"nowe";"2015-12-09";"40503/15";"1719/16";"2016-04-19";2015;12;"2015-12-01";95;16,926372;51,123633
"2605";898;"";"";"Bociania,obr.kowale,AM-6,dz.nr 44/6  ";"bud.mieszkalne jednorodzinne";"budowa budynku jednorodzinnego";"nowe";"2016-03-10";"7536/16";"1725/16";"2016-04-19";2016;3;"2016-03-01";29;17,0385376;51,1078852
"2606";908;"";"";"Pakos³awska 7 ";"bud.o dwóch mieszkaniach";"budowa trzech budynków mieszkalnych";"nowe";"2016-02-16";"4633/16";"1743/16";"2016-04-20";2016;2;"2016-02-01";47;17,0330982;51,1530443
"2607";911;"";"";"Postêpowa 6 A ";"bud.mieszkalne jednorodzinne";"budowa budynków mieszkalnych";"nowe";"2016-04-04";"10496/16";"1746/16";"2016-04-20";2016;4;"2016-04-01";13;16,9392812;51,0969489
"2608";913;"";"";"Przedwioœnie,obr.Paw³owice,AM-20,dz.nr 50/8  ";"bud.mieszkalne jednorodzinne";"budowa wolno stoj¹cego budynku mieszklalnego jednorodzinnnego z gara¿em w budynku i infrastruktura techniczna";"nowe";"2016-01-18";"1292/16";"1749/16";"2016-04-20";2016;1;"2016-01-01";68;17,0385376;51,1078852
"2609";914;"";"";"Ruciana 11B ";"bud.o dwóch mieszkaniach";"budowa budynku jednorodzinnego";"nowe";"2016-02-17";"4869/16";"1752/16";"2016-04-20";2016;2;"2016-02-01";46;17,109965;51,1698949
"2610";920;"";"";"Wittek Marii Genera³,obr.o³taszyn,AM-9,dz.nr 24/2";"bud.mieszkalne jednorodzinne";"budowa domu jednorodzinnego wolno stoj¹cego wraz z wewnêtrzn¹ lini¹ zasilajaca";"nowe";"2016-02-18";"4921/16";"1760/16";"2016-04-21";2016;2;"2016-02-01";46;17,0385376;51,1078852
"2611";930;"";"";"Krzycka 72B ";"bud.mieszkalne jednorodzinne";"budowa budynku mieszkalnego jednorodzinnego wolno stoj¹cego z gara¿em podziemnym wbudowanym, instalacjami wewnêtrznymi i zagospodarowaniem terenu.";"nowe";"2016-03-09";"7414/16";"1779/16";"2016-04-21";2016;3;"2016-03-01";32;16,9944628;51,0686166
"2612";935;"";"";"Babiego Lata,obr.Krzyki,AM-7,dz.nr46/11,52/3,46/6  ";"bud.o trzech i wiêcej mieszkaniach";"budowa budynku wielorodzinnego wraz z budow¹ zjazdów i chodnika";"nowe";"2016-01-21";"1854/16";"1796/16";"2016-04-21";2016;1;"2016-01-01";66;17,0385376;51,1078852
"2613";936;"";"";"Brylantowa,obr,O³taszyn,AM-11,dz.nr37/2";"bud.mieszkalne jednorodzinne";"budowa budynku jednorodzinnego";"nowe";"2016-03-11";"7832/16";"1798/16";"2016-04-21";2016;3;"2016-03-01";30;17,0385376;51,1078852
"2614";942;"";"";"obr.Stab³owice,AM-31,dz.nr 123";"bud.mieszkalne jednorodzinne";"budowa budynku mieszkalnego jednorodzinnego";"nowe";"2016-02-26";"6020/16";"1816/16";"2016-04-25";2016;2;"2016-02-01";42;17,0385376;51,1078852
"2615";950;"";"";"£ukowska  36 ";"bud.mieszkalne jednorodzinne";"budowa budynku jednorodzinnego";"nowe";"2016-02-02";"3209/16";"1829/16";"2016-04-25";2016;2;"2016-02-01";60;16,9227404;51,1659595
"2616";972;"";"";"Owczarska,obr.Leœnica,AM-7,dz.nr 80/4,80/5  ";"bud.o dwóch mieszkaniach";"budowa 5 -ciu budynków mieszkalnych jednorodzinnych o dwu lokalach mieszkalnych";"nowe";"2016-01-25";"2197/16";"1880/16";"2016-04-27";2016;1;"2016-01-01";68;17,0385376;51,1078852
"2617";975;"";"";"Dziwnowska 1 ";"bud.mieszkalne jednorodzinne";"budowa budynku mieszkalnego jednorodzinnego z gara¿em";"nowe";"2016-03-11";"7751/16";"1885/16";"2016-04-27";2016;3;"2016-03-01";34;16,9531089;51,123356
"2618";998;"";"";"K³okoczycka 175A ";"bud.mieszkalne jednorodzinne";"budowa budynku jednorodzinnego";"nowe";"2016-02-23";"5485/16";"1917/16";"2016-04-28";2016;2;"2016-02-01";48;17,095115;51,1577119
"2619";1003;"";"";"MroŸna 12A ";"bud.mieszkalne jednorodzinne";"budowa budynku mieszkalnego jednorodzinnego wolno stoj¹cego";"nowe";"2016-04-05";"10631/16";"1922/16";"2016-04-28";2016;4;"2016-04-01";18;17,1348379;51,1357099
"2620";1009;"";"";"Waniliowa,obr.lipa Piotrowska,AM-4,dz.nr 1/3  ";"bud.o trzech i wiêcej mieszkaniach";"budowa zespo³u 12 budynków wielorodzinnych,2 budynków wielorodzinnych z us³ugami oraz 4 gara¿y podziemnych";"nowe";"2016-02-05";"3626/16";"1935/16";"2016-04-28";2016;2;"2016-02-01";60;17,0385376;51,1078852
"2621";1027;"";"";"Czapliñskiego  W³adys³awa  48 ";"bud.mieszkalne jednorodzinne";"budowa budynku mieszkalnego jednorodzinnego wolno stoj¹cego";"nowe";"2016-03-15";"8102/16";"1978/16";"2016-04-29";2016;3;"2016-03-01";34;16,8722456;51,1636156
"2622";1032;"";"";"Bia³odrzewna  ";"bud.o trzech i wiêcej mieszkaniach";"budowa budynku mieszkalnego wielorodzinnego z czêœci¹ us³ugow¹, gara¿ami, zagospodarowaniem terenu i czêœci¹ infrastruktury technicznej.";"nowe";"2016-03-03";"6803/16";"1995/16";"2016-05-02";2016;3;"2016-03-01";43;16,9233029;51,1373012
"2623";1035;"";"";"Bia³ych Go¿dzików  12 ";"bud.mieszkalne jednorodzinne";"budowa budynku mieszkalnego jednorodzinnego oraz niezbêdnych urz¹dzeñ infrastruktury technicznej z wy³¹czeniem z³¹cza bablowego z szafk¹ pomiarow¹.";"nowe";"2016-02-26";"6186/16";"2000/16";"2016-05-02";2016;2;"2016-02-01";47;17,10326;51,1580529
"2624";1039;"";"";"Dêbicka 8 ";"bud.mieszkalne jednorodzinne";"budowa budynku mieszkalnego jednorodzinnego";"nowe";"2016-01-29";"2798/16";"2012/16";"2016-05-02";2016;1;"2016-01-01";67;16,8908384;51,1357842
"2625";1042;"";"";"Olsztyñska  44 ";"bud.mieszkalne jednorodzinne";"budowa budynku jednorodzinnego";"nowe";"2016-04-13";"11758/16";"2016/16";"2016-05-04";2016;4;"2016-04-01";16;17,0844436;51,1371686
"2626";1071;"";"";"Koniecpolskiego Stanis³awa  ";"bud.mieszkalne jednorodzinne";"budowa budynku jednorodzinnego";"nowe";"2016-04-11";"11457/16";"2080/16";"2016-05-06";2016;4;"2016-04-01";20;16,8697321;51,1239804
"2627";1076;"";"";"Czechowicka  ";"bud.o trzech i wiêcej mieszkaniach";"budowa trzech budynków wielorodzinnych z gara¿ami podziemnymi,budowa budynku technicznego,rozbiórka istniej¹cego budynku";"nowe";"2016-01-13";"914/16";"2086/16";"2016-05-06";2016;1;"2016-01-01";83;17,0841444;51,0817404
"2628";1086;"";"";"Staroœciñska  ";"bud.mieszkalne jednorodzinne";"budowa budynku mieszkalnego jednorodzinnego";"nowe";"2015-12-14";"40902/15";"2111/16";"2016-05-10";2015;12;"2015-12-01";107;17,0489771;51,1612446
"2629";1089;"";"";"Ga³owska  ";"bud.mieszkalne jednorodzinne";"budowa budynku mieszkalnego jednorodzinnego";"nowe";"2016-03-03";"6837/16";"2115/16";"2016-05-10";2016;3;"2016-03-01";49;16,8580096;51,1172339
"2630";1099;"";"";"Grawerska  80 ";"bud.o dwóch mieszkaniach";"budowa budynku jednorodzinnego dwulokalowego";"nowe";"2016-03-23";"9147/16";"2132/16";"2016-05-10";2016;3;"2016-03-01";35;17,0107242;51,1721273
"2631";1117;"";"";"Jaskó³cza  31 ";"bud.mieszkalne jednorodzinne";"budowa budynku mieszkalnego jednorodzinnego wolno stoj¹cego";"nowe";"2016-03-15";"8185/16";"2177/16";"2016-05-11";2016;3;"2016-03-01";42;17,0865948;51,1362475
"2632";1123;"";"";"Or³owskiego Aleksandra  26 ";"bud.mieszkalne jednorodzinne";"budowa budynku mieszkalnego jednorodzinnego w zabudowie bli¿niaczej";"nowe";"2016-01-20";"1739/16";"2187/16";"2016-05-12";2016;1;"2016-01-01";82;17,1010547;51,0990068
"2633";1128;"";"";"£u¿ycka  ";"bud.mieszkalne jednorodzinne";"budowa budynku mieszkalnego jednorodzinnego";"nowe";"2016-01-19";"1408/16";"2192/16";"2016-05-12";2016;1;"2016-01-01";83;17,0171481;51,1367256
"2634";1134;"";"";"K³opockiej Janiny  ";"bud.mieszkalne jednorodzinne";"budowa budynku mieszkalnego z gara¿em";"nowe";"2016-03-23";"9227/16";"2201/16";"2016-05-13";2016;3;"2016-03-01";38;16,8782602;51,1231446
"2635";1135;"";"";"K³opockiej Janiny  ";"bud.mieszkalne jednorodzinne";"budowa budynku mieszkalnego jednorodzinnego wolno stoj¹cego z gara¿em";"nowe";"2016-03-23";"9226/16";"2202/16";"2016-05-13";2016;3;"2016-03-01";38;16,8782602;51,1231446
"2636";1154;"";"";"Starodêbowa  ";"bud.mieszkalne jednorodzinne";"budowa budynku mieszkalnego jednorodzinnego";"nowe";"2016-02-12";"4266/16";"2251/16";"2016-05-16";2016;2;"2016-02-01";67;17,0974239;51,1649958
"2637";1156;"";"";"Jutrzenki  ";"bud.mieszkalne jednorodzinne";"budowa budynku mieszkalnego jednorodzinnego";"nowe";"2016-03-10";"7623/16";"2253/16";"2016-05-16";2016;3;"2016-03-01";48;16,9799311;51,0710148
"2638";1180;"";"";"Kowarzyka Hugona  ";"bud.o trzech i wiêcej mieszkaniach";"budowa zespo³u budynków mieszkalnych wielorodzinnych";"nowe";"2016-04-29";"13846/16";"2303/16";"2016-05-18";2016;4;"2016-04-01";14;17,042662;51,1582953
"2639";1181;"";"";"Jaœminowa  ";"bud.mieszkalne jednorodzinne";"budowa budynku mieszkalnego jednorodzinnego wolnostoj¹cego wraz z niezbêdn¹ infrastruktur¹ techniczn¹ i zagospodarowaniem terenu, z wy³¹czeniem przy³¹cza wody.";"nowe";"2016-03-04";"7037/16";"2305/16";"2016-05-18";2016;3;"2016-03-01";54;16,9941139;51,0496918
"2640";1184;"";"";"Maleczyñskich Ewy I Karola  87 ";"bud.mieszkalne jednorodzinne";"budowa budynku mieszkalnego jednorodzinnego w zabudowie szeregowej wraz z infrastruktur¹";"nowe";"2016-04-18";"12394/16";"2312/16";"2016-05-18";2016;4;"2016-04-01";23;16,9761306;51,0728605
"2641";1201;"";"";"Lubawska  17 ";"bud.o dwóch mieszkaniach";"budowa czterech budynków mieszkalnych";"nowe";"2016-02-11";"4256/16";"2344/16";"2016-05-19";2016;2;"2016-02-01";71;17,0385376;51,1078852
"2642";1203;"";"";"Matuszka Józefa Ks.  ";"bud.mieszkalne jednorodzinne";"budowa budynku mieszkalnego jednorodzinnego wolno stoj¹cego";"nowe";"2016-03-22";"9105/16";"2348/16";"2016-05-19";2016;3;"2016-03-01";43;16,8650517;51,1239006
"2643";1211;"";"";"Krotoszyñska  28 ";"bud.mieszkalne jednorodzinne";"budowa budynku mieszkalnego jednorodzinnego wolno stoj¹cego z elementami infrastruktury technicznej";"nowe";"2016-02-24";"5793/16";"2361/16";"2016-05-19";2016;2;"2016-02-01";62;16,99567;51,1417702
"2644";1213;"";"";"Tunelowa  ";"bud.mieszkalne jednorodzinne";"budowa piêciu budynków mieszkalnych jednorodzinnych w zabudowie szeregowej";"nowe";"2016-03-15";"8141/16";"2364/16";"2016-05-19";2016;3;"2016-03-01";48;17,0647184;51,0632866
"2645";1215;"";"";"Rêdziñska  50 ";"bud.o dwóch mieszkaniach";"budowa zespo³u budynków mieszkalnych";"nowe";"2016-04-19";"12581/16";"2366/16";"2016-05-19";2016;4;"2016-04-01";23;16,9472491;51,1542419
"2646";1222;"";"";"Grawerska  ";"bud.mieszkalne jednorodzinne";"budowa budynku mieszkalnego wraz z niezbêdna infrastruktur¹";"nowe";"2016-04-08";"11294/16";"2379/16";"2016-05-19";2016;4;"2016-04-01";30;17,0128122;51,173463
"2647";1227;"";"";"Wittiga Edwarda 7 ";"bud.mieszkalne jednorodzinne";"budowa budynku mieszkalnego jednorodzinnego";"nowe";"2016-02-18";"5045/16";"2389/16";"2016-05-20";2016;2;"2016-02-01";67;17,0841835;51,1022689
"2648";1240;"";"";"Œlê¿na 146 ";"bud.o trzech i wiêcej mieszkaniach";"budowa budynku mieszkalnego z gara¿em podziemnym oraz rozbiórce budynków gospodarczych";"nowe";"2012-04-27";"14602/12";"2426/16";"2016-05-23";2012;4;"2012-04-01";1062;17,0213387;51,0788487
"2649";1251;"";"";"Ratyñska  ";"bud.mieszkalne jednorodzinne";"budowa budynku mieszkalnego w zabudowie zagrodowej";"nowe";"2016-03-23";"9247/16";"2453/16";"2016-05-25";2016;3;"2016-03-01";46;16,8577192;51,1366502
"2650";1256;"";"";"Granitowa  ";"bud.o dwóch mieszkaniach";"budowa zespo³u 14 jednorodzinnych domów mieszkalnych w zabudowie szeregowej o dwóch lokalach mieszkalnych";"nowe";"2016-03-23";"9107/16";"2460/16";"2016-05-25";2016;3;"2016-03-01";46;17,0408566;51,0666802
"2651";1257;"";"";"¯urawinowa  ";"bud.mieszkalne jednorodzinne";"budowa budynku mieszkalnego jednorodzinnego wolno stoj¹cego z wy³¹czeniem przy³¹cza gazu i wodoci¹gowego.";"nowe";"2016-03-23";"9243/16";"2461/16";"2016-05-25";2016;3;"2016-03-01";46;16,9230384;51,1160992
"2652";1258;"";"";"¯urawinowa  ";"bud.mieszkalne jednorodzinne";"budowa budynku mieszkalnego jednorodzinnego wolno stoj¹cego z wy³¹czeniem przy³¹cza gazu i wodoci¹gowego.";"nowe";"2016-03-23";"9242/16";"2464/16";"2016-05-25";2016;3;"2016-03-01";46;16,9230384;51,1160992
"2653";1264;"";"";"Orawska  ";"bud.mieszkalne jednorodzinne";"budowa budynku jednorodzinnego";"nowe";"2016-04-08";"11161/16";"2477/16";"2016-05-25";2016;4;"2016-04-01";34;17,0228816;51,065739
"2654";1265;"";"";"Dolnobrzeska  ";"bud.mieszkalne jednorodzinne";"budowa budynku mieszkalnego jednorodzinnego w zabudowie wolno stoj¹cej wraz z infrastruktur¹ techniczn¹.";"nowe";"2016-03-23";"9109/16";"2479/16";"2016-05-25";2016;3;"2016-03-01";46;16,8563942;51,1565238
"2655";1266;"";"";"Boñczyka Norberta Ks.  40 ";"bud.o trzech i wiêcej mieszkaniach";"budowa budynku mieszkalnego wielorodzinnego z gara¿em podziemnym";"nowe";"2002-10-10";"32949/02";"16-sty";"2016-05-27";2002;10;"2002-10-01";3557;17,0383086;51,138272
"2656";1269;"";"";"Opolska 136 ";"bud.o trzech i wiêcej mieszkaniach";"budowa zespo³u budynków mieszkalnych wielorodzinnych";"nowe";"2016-03-24";"9487/16";"2495/16";"2016-05-27";2016;3;"2016-03-01";47;17,0913111;51,071209
"2657";1272;"";"";"Gromadzka  ";"bud.mieszkalne jednorodzinne";"budowa budynku mieszkalnego jednorodzinnego wolno stoj¹cego";"nowe";"2016-02-22";"5459/16";"2500/16";"2016-05-27";2016;2;"2016-02-01";70;16,8487876;51,1292931
"2658";1274;"";"";"Wa³owa  ";"bud.mieszkalne jednorodzinne";"budowa budynku mieszkalnego jednorodzinnego wolno stoj¹cego";"nowe";"2016-03-23";"9254/16";"2502/16";"2016-05-27";2016;3;"2016-03-01";48;17,16079;51,0962821
"2659";1304;"";"";"Stab³owicka  ";"bud.mieszkalne jednorodzinne";"budowa zespo³u 4 domów jednorodzinnych wolnostoj¹cych oraz przebudowa fragmentu drogi";"nowe";"2016-04-05";"10744/16";"2549/16";"2016-05-31";2016;4;"2016-04-01";41;16,8972618;51,1645683
"2660";1306;"";"";"Kordiana  ";"bud.mieszkalne jednorodzinne";"budowa dwóch budynków mieszkalnych jednorodzinnych w zabudowie bliŸniaczej wraz z niezbêdn¹ infrastruktur¹ techniczn¹ z wy³¹czeniem przy³¹czy wody i kanalizacji";"nowe";"2015-12-31";"42729/15";"2551/16";"2016-05-31";2015;12;"2015-12-01";109;17,1229254;51,1400238
"2661";1312;"";"";"Dedala Bulwar  3A ";"bud.o trzech i wiêcej mieszkaniach";"przebudowa lokalu us³ugowego w parterze budynku mieszkalno-us³ugowego";"nowe";"2016-05-11";"15149/16";"2560/16";"2016-05-31";2016;5;"2016-05-01";15;16,9658911;51,1267961
"2662";1315;"";"";"Wierzyñskiego Kazimierza  ";"bud.mieszkalne jednorodzinne";"budowa zespo³u budynków jednorodzinnych/2 budynki mieszkalne jednorodzinne w zabudowie bli¿niaczej/";"nowe";"2016-03-23";"9261/16";"2567/16";"2016-06-01";2016;3;"2016-03-01";51;17,041307;51,0612242
"2663";1333;"";"";"£ubinowa  ";"bud.o dwóch mieszkaniach";"budowa 2 domów jednorodzinnych dwulokalowych w zabudowie bliŸniaczej";"nowe";"2016-03-17";"8498/16";"2604/16";"2016-06-02";2016;3;"2016-03-01";56;17,0202338;51,0607682
"2664";1334;"";"";"Wolbromska 3 ";"bud.o trzech i wiêcej mieszkaniach";"budowa budynku wielorodzinnego z gara¿em podziemnym";"nowe";"2016-03-14";"7982/16";"2607/16";"2016-06-02";2016;3;"2016-03-01";59;17,006638;51,08726
"2665";1344;"";"";"Grota-Roweckiego Stefana Gen.  ";"bud.mieszkalne jednorodzinne";"budowa 2 domów jednorodzinnych w zabudowie bliŸniaczej z instalacjami wewnêtrznymi i zagospodarowaniem terenu";"nowe";"2015-12-31";"42781/15";"2625/16";"2016-06-02";2015;12;"2015-12-01";111;17,0325316;51,056754
"2666";1345;"";"";"Grota-Roweckiego Stefana Gen.  ";"bud.mieszkalne jednorodzinne";"budowa 2 domów jendorodzinnych w zabudowie bliŸniaczej z instalacjami wewnêtrznymi i zagospodarowaniem terenu";"nowe";"2015-12-31";"42779/15";"2626/16";"2016-06-02";2015;12;"2015-12-01";111;17,0325316;51,056754
"2667";1394;"";"";"Babiego Lata 4 ";"bud.o trzech i wiêcej mieszkaniach";"budowa budynku mieszkalnego wielorodzinnego,szeœciolokalowego w formie willi miejskiej wraz z niezbêdn¹ infrastruktur¹.";"nowe";"2016-04-12";"11539/16";"2698/16";"2016-06-07";2016;4;"2016-04-01";41;16,9961807;51,070075
"2668";1401;"";"";"Oporów, AM-23, dz. 6/1,6/2,6/3";"bud.mieszkalne jednorodzinne";"budowa 4 budynków  jednorodzinnych";"nowe";"2016-05-02";"14142/16";"2714/16";"2016-06-07";2016;5;"2016-05-01";27;17,0385376;51,1078852
"2669";1406;"";"";"Pracze Odrzañskie, AM-23, dz.39/2";"bud.mieszkalne jednorodzinne";"budowa domu jednorodzinnego z gara¿em";"nowe";"2016-04-11";"11373/16";"2724/16";"2016-06-08";2016;4;"2016-04-01";43;17,0385376;51,1078852
"2670";1409;"";"";"Wys³oucha Seweryna 1";"bud.mieszkalne jednorodzinne";"budowa budynku mieszkalnego jednorodzinnego wolno stojacego.";"nowe";"2016-04-20";"12655/16";"2728/16";"2016-06-08";2016;4;"2016-04-01";36;16,9738095;51,074886
"2671";1420;"";"";"Bartla Kazimierza 6 ";"bud.o trzech i wiêcej mieszkaniach";"budowa budynku mieszkalnego wielorodzinnego";"nowe";"2016-03-11";"7840/16";"2741/16";"2016-06-08";2016;3;"2016-03-01";64;17,0713272;51,1104867
"2672";1424;"";"";"Osobowicka  ";"bud.o trzech i wiêcej mieszkaniach";"budowa czterech budynków mieszkalnych wielorodzinnych";"nowe";"2016-05-19";"16316/16";"2748/16";"2016-06-08";2016;5;"2016-05-01";15;16,9892272;51,1428194
"2673";1425;"";"";"Motylkowa  22 ";"bud.mieszkalne jednorodzinne";"budowa budynku mieszkalnego jednorodzinnego wolno stojacego z garazem dwustanowiskowym.";"nowe";"2016-04-14";"11946/16";"2754/16";"2016-06-09";2016;4;"2016-04-01";41;17,023788;51,0605954
"2674";1436;"";"";"Dobrzykowicka  ";"bud.o dwóch mieszkaniach";"budowa dwóch budynków mieszkalnych jednorodzinnych w zabudowie bliŸniaczej";"nowe";"2016-03-21";"8842/16";"2778/16";"2016-06-09";2016;3;"2016-03-01";59;17,1544807;51,0996246
"2675";1449;"";"";"Mielczarskiego Romualda  47 ";"bud.mieszkalne jednorodzinne";"budowa budynku mieszkalnego jednorodzinnego wolnostoj¹cego wraz z infrastruktur¹ tecgniczn¹.";"nowe";"2016-03-14";"8013/16";"2805/16";"2016-06-10";2016;3;"2016-03-01";65;17,1089446;51,1047932
"2676";1459;"";"";"Stefki Kamila  ";"bud.mieszkalne jednorodzinne";"budowa budynku mieszkalnego jednorodzinnego wolno stoj¹cego";"nowe";"2016-04-29";"13917/16";"2818/16";"2016-06-10";2016;4;"2016-04-01";31;16,974744;51,0726195
"2677";1464;"";"";"Rezedowa  ";"bud.mieszkalne jednorodzinne";"budowa budynku mieszkalnego jednorodzinnego";"nowe";"2016-04-18";"12297/16";"2834/16";"2016-06-13";2016;4;"2016-04-01";41;16,9237089;51,1187279
"2678";1466;"";"";"Jaspisowa  ";"bud.mieszkalne jednorodzinne";"budowa domu jednorodzinnego mieszkalnego wolno stoj¹cego";"nowe";"2016-04-21";"12876/16";"2836/16";"2016-06-13";2016;4;"2016-04-01";38;17,0244641;51,0470448
"2679";1504;"";"";"Moœcickiego Ignacego  ";"bud.o trzech i wiêcej mieszkaniach";"budowa zespo³u dwóch budynków mieszkalnych wielorodzinnych z gara¿ami podziemnymi";"nowe";"2016-04-11";"11484/16";"2888/16";"2016-06-14";2016;4;"2016-04-01";47;17,0863393;51,0598941
"2680";1509;"";"";"Nepalska  ";"bud.o trzech i wiêcej mieszkaniach";"budowa budynku mieszkalnego wielorodzinnego";"nowe";"2016-04-18";"12434/16";"2898/16";"2016-06-14";2016;4;"2016-04-01";42;17,0834015;51,0566686
"2681";1517;"";"";"Czapliñskiego  W³adys³awa  50 ";"bud.mieszkalne jednorodzinne";"budowa budynku jednorodzinnego";"nowe";"2016-05-18";"16167/16";"2923/16";"2016-06-15";2016;5;"2016-05-01";21;16,8722456;51,1636156
"2682";1543;"";"";"Sza³wiowa  ";"bud.o trzech i wiêcej mieszkaniach";"budowa dwóch budynków mieszkalnych wielorodzinnych z us³ugami w czêœci parteru budynku";"nowe";"2016-05-20";"16551/16";"2992/16";"2016-06-20";2016;5;"2016-05-01";22;17,0006508;51,1773387
"2683";1551;"";"";"Przedwioœnie  ";"bud.mieszkalne jednorodzinne";"budowa budynku mieszkalnego jednorodzinnego wolno stoj¹cego";"nowe";"2016-03-10";"7620/16";"3006/16";"2016-06-20";2016;3;"2016-03-01";73;17,1097224;51,164505
"2684";1559;"";"";"W¹sowicza Józefa  34 ";"bud.mieszkalne jednorodzinne";"budowa budynku mieszkalnego jednorodzinnego wolno stoj¹cego dwulokalowego";"nowe";"2016-05-13";"15556/16";"3022/16";"2016-06-21";2016;5;"2016-05-01";28;16,8748665;51,1613998
"2685";1582;"";"";"Na³êczowska  ";"bud.o dwóch mieszkaniach";"budowa zespo³u 10 budynków jednorodzinnych dwulokalowych w zabudowie bli¿niaczej";"nowe";"2015-12-23";"42212/15";"3066/16";"2016-06-23";2015;12;"2015-12-01";132;17,0385376;51,1078852
"2686";1584;"";"";"Haisiga Mariana  12 ";"bud.o dwóch mieszkaniach";"budowa budynu jednorodzinnego";"nowe";"2016-06-02";"18062/16";"3076/16";"2016-06-24";2016;6;"2016-06-01";17;16,8765564;51,1638614
"2687";1592;"";"";"Dró¿nicza  12 ";"bud.mieszkalne jednorodzinne";"budowa budynku mieszkalnego jednorodzinnego z zabudowie bliŸniaczej wraz z budynkiem gospodarczym wolno stoj¹cym i zagospodarowaniem terenu, zjazdem z drogi pub";"nowe";"2016-04-26";"13453/16";"3088/16";"2016-06-27";2016;4;"2016-04-01";45;17,058557;51,059418
"2688";1597;"";"";"Radzyñska  ";"bud.o dwóch mieszkaniach";"budowa zespo³u budynków mieszkalnych";"nowe";"2015-12-23";"42209/15";"3095/16";"2016-06-27";2015;12;"2015-12-01";134;17,0385376;51,1078852
"2689";1603;"";"";"¯erniki, AM-10, dz.62/9";"bud.o trzech i wiêcej mieszkaniach";"budowa budynku mieszkalno-us³ugowego z punktem przedszkolnym,gara¿em";"nowe";"2016-04-29";"14056/16";"3103/16";"2016-06-27";2016;4;"2016-04-01";42;17,0385376;51,1078852
"2690";1607;"";"";"£om¿yñska  ";"bud.o dwóch mieszkaniach";"budowa zespo³u 2 budynków mieszkalnych jednorodzinnych dwulokalowych w zabudowie bli¿niaczej";"nowe";"2016-05-30";"17539/16";"3112/16";"2016-06-28";2016;5;"2016-05-01";22;17,0385376;51,1078852
"2691";1611;"";"";"£om¿yñska  ";"bud.o dwóch mieszkaniach";"budowa zespolu budynków mieszkalnych";"nowe";"2016-05-30";"17538/16";"3116/16";"2016-06-28";2016;5;"2016-05-01";22;17,0385376;51,1078852
"2692";1635;"";"";"Komornicka  ";"bud.mieszkalne jednorodzinne";"budowa zespo³u 10-ciu budynków mieszkalnych jednorodzinnych dwulokalowych, z pompami ciep³a, zbiornikami bezodp³ywowymi i pozosta³a infrastruktura techniczna.";"nowe";"2016-04-29";"13842/16";"3171/16";"2016-06-30";2016;4;"2016-04-01";45;17,0385376;51,1078852
"2693";1644;"";"";"Redycka  ";"bud.mieszkalne jednorodzinne";"przebudowa budynku mieszkalnego jednorodzinnego,przebudowa gara¿u, rozbudowa budynku gospodarczego";"nowe";"2016-04-25";"13243/16";"3187/16";"2016-06-30";2016;4;"2016-04-01";49;17,0635641;51,1561255
"2694";1654;"";"";"Stra¿acka  ";"bud.mieszkalne jednorodzinne";"budowa budynku mieszkalnego wolno stoj¹cego z gara¿em";"nowe";"2016-05-11";"15153/16";"3200/16";"2016-06-30";2016;5;"2016-05-01";37;17,0157685;51,1721311
"2695";1659;"";"";"Mydlarskiego Jana  19 ";"bud.gara¿y";"budowa budynku gara¿u z wewnêtrzn¹ lini¹ zasilaj¹c¹";"nowe";"2016-05-13";"15596/16";"3207/16";"2016-06-30";2016;5;"2016-05-01";35;17,0385376;51,1078852
"2696";1668;"DPI Malachit";"";"Boles³awa Krzywoustego,AM-14,dz.nr 84,85/1,85/2  ";"bud.o trzech i wiêcej mieszkaniach";"budowa budynku mieszkalnego wielorodzinnego z czêœci¹ us³ugow¹.";"nowe";"2016-06-07";"18640/16";"3218/16";"2016-07-01";2016;6;"2016-06-01";19;17,0385376;51,1078852
"2697";1685;"Jasiulewicz Bartosz Agnieszka";"";"Samotna,AM-11,dz.nr 203/1  ";"bud.mieszkalne jednorodzinne";"budowa budynku mieszkalnego jednorodzinnego wolno stoj¹cego.";"nowe";"2016-05-12";"15422/16";"3242/16";"2016-07-01";2016;5;"2016-05-01";37;17,0385376;51,1078852
"2698";1725;"Malcher Piotr Kazimierz Tr¹pczyñska Malcher Miros³awa Malche";"";"Grodzieñska 6B,C,D ";"bud.mieszkalne jednorodzinne";"budowa budynku mieszklanego jednorodzinnego wolno stoj¹cego-etap II";"nowe";"2016-05-06";"14626/16";"3310/16";"2016-07-05";2016;5;"2016-05-01";43;17,134411;51,1407159
"2699";1738;"D³ugosz Jaros³aw";"";"Kwiatowa,AM-11,dz.nr 13 ";"bud.mieszkalne jednorodzinne";"budowa budynku mieszkalnego jednorodzinnego";"nowe";"2016-04-08";"11246/16";"3337/16";"2016-07-06";2016;4;"2016-04-01";64;17,0385376;51,1078852
"2700";1745;"Jarz¹b Pawe³";"";"Wojnowicka,AM-11,dz.nr 4/8 ";"bud.mieszkalne jednorodzinne";"budowa domu jednorodzinnego";"nowe";"2016-05-10";"14978/16";"3353/16";"2016-07-07";2016;5;"2016-05-01";43;17,0385376;51,1078852
"2701";1771;"Osiedle Malownicze";"";"Czapliñskiego  W³adys³awa 32 ";"bud.mieszkalne jednorodzinne";"budowa budynku mieszkalnego jednorodzinnego";"nowe";"2016-06-15";"19809/16";"3397/16";"2016-07-08";2016;6;"2016-06-01";18;16,871874;51,1629335
"2702";1782;"I2 Development Przy Arsenale";"";"Jana Paw³a II Plac 8 ";"bud.gara¿y";"budowa gara¿u podziemnego w dawnym szpitalu";"nowe";"2016-04-08";"11313/16";"3416/16";"2016-07-11";2016;4;"2016-04-01";67;17,0237357;51,1119801
"2703";1801;"Blockpol Developer";"";"¯erniki,AM-10,dz.nr 62/19,62/15,62/17";"bud.o trzech i wiêcej mieszkaniach";"budowa 3 budynków wielorodzinnych";"nowe";"2016-04-29";"14033/16";"3446/16";"2016-07-12";2016;4;"2016-04-01";53;17,0385376;51,1078852
"2704";1823;"Southern Europe Investment";"";"Grabiszyñska 139";"bud.o trzech i wiêcej mieszkaniach";"budowa budynku wielorodzinnego z gara¿em podziemnym";"nowe";"2016-04-28";"13664/16";"3487/16";"2016-07-14";2016;4;"2016-04-01";56;17,0007503;51,0997255
"2705";1824;"Move In";"";"Grawerska,AM-7,dz.nr 41  ";"bud.mieszkalne jednorodzinne";"budowa 14 budynków jednorodzinnych";"nowe";"2016-05-27";"17275/16";"3488/16";"2016-07-14";2016;5;"2016-05-01";35;17,0385376;51,1078852
"2706";1829;"Get Home Developer";"";"Malinowskiego Ernesta AM-11,dz.nr 30/3 ";"bud.o dwóch mieszkaniach";"budowa 9 budynków jednorodzinnych";"nowe";"2016-04-27";"13634/16";"3495/16";"2016-07-14";2016;4;"2016-04-01";57;17,0385376;51,1078852
"2707";1847;"Kia³ka £ukasz";"";"Ga³owska,AM-7,dz.nr 78/7  ";"bud.mieszkalne jednorodzinne";"budowa budynku mieszkalnego jednorodzinnego";"nowe";"2016-06-22";"20597/16";"3525/16";"2016-07-15";2016;6;"2016-06-01";18;17,0385376;51,1078852
"2708";1848;"Koperski Filip Marcinowska Koperska Ma³gorzata";"";"£ukowska 49 ";"bud.mieszkalne jednorodzinne";"budowa budynku mieszkalnego jednorodzinnego, wolno stoj¹cego.";"nowe";"2016-05-11";"15162/16";"3526/16";"2016-07-15";2016;5;"2016-05-01";48;16,9227404;51,1659595
"2709";1856;"¯ak Maciej Iwona";"";"Skarbu Zakrzowskiego 3 ";"bud.mieszkalne jednorodzinne";"budowa domu jednorodzinnego 1-lokalowego w zabudowie wolnostoj¹cej wraz z wew.instalacj¹ gazow¹, zewn.instalacja kanalizacyjna";"nowe";"2016-04-11";"11406/16";"3537/16";"2016-07-18";2016;4;"2016-04-01";71;17,1291059;51,1644291
"2710";1866;"Krzeszowski Przemys³aw";"";"Wspólna,AM-5,dz.nr 23/8  ";"bud.mieszkalne jednorodzinne";"budowa domu jednorodzinnego wolnostoj¹cego wraz z zagospod.terenu";"nowe";"2016-05-31";"17707/16";"3547/16";"2016-07-18";2016;5;"2016-05-01";35;17,0385376;51,1078852
"2711";1895;"Makowska Hanna";"";"Kanadyjska 7A ";"bud.mieszkalne jednorodzinne";"budowa budynku mieszkalnego jednorodzinnego oraz gara¿ wolno stoj¹cy-1 etap";"nowe";"2016-06-07";"18486/16";"3592/16";"2016-07-19";2016;6;"2016-06-01";31;16,963843;51,1103649
"2712";1909;"Œmigiel £ukasz";"";"Jutrzenki,AM-23,dz.nr 18/4  ";"bud.mieszkalne jednorodzinne";"budowa budynku mieszkalnego jednorodzinnego";"nowe";"2016-05-30";"17433/16";"3617/16";"2016-07-20";2016;5;"2016-05-01";38;17,0385376;51,1078852
"2713";1911;"Pecorino Investment";"";"Przelot,AM-44,dz.nr 16/3  ";"bud.o trzech i wiêcej mieszkaniach";"budowa budynku mieszkalnego z parkingiem podziemnym i zagospodarowanie terenu.";"nowe";"2016-04-22";"13074/16";"3620/16";"2016-07-20";2016;4;"2016-04-01";64;17,0385376;51,1078852
"2714";1915;"Oœmia³owski Tomasz";"";"Kanadyjska 3A ";"bud.mieszkalne jednorodzinne";"budowa dwóch budynków mieszkalnych, jednorodzinnych, wolnostoj¹cych, z wy³¹czeniem przy³¹czy:wody,kanalizacji sanitarnej,gazu,z³¹cza kablowego.";"nowe";"2016-03-31";"10083/16";"3627/16";"2016-07-20";2016;3;"2016-03-01";80;16,96358;51,111075
"2715";1941;"Siódemka Taurus";"";"Zagajnikowa 49 ";"bud.o dwóch mieszkaniach";"budowa budynku mieszkalnego dwulokalowego";"nowe";"2016-05-05";"14350/16";"3668/16";"2016-07-21";2016;5;"2016-05-01";56;17,0385376;51,1078852
"2716";1942;"Cte Familia";"";"Na³êczowska, AM-8,dz.nr 67  ";"bud.mieszkalne jednorodzinne";"budowa zespo³u budynków jednorodzinnych";"nowe";"2016-06-03";"18141/16";"3669/16";"2016-07-21";2016;6;"2016-06-01";35;17,0385376;51,1078852
"2717";1944;"Cte Familia";"";"Radzyñska,AM-8,dz.nr 65  ";"bud.o dwóch mieszkaniach";"budowa 2 budynków jednorodzinnych";"nowe";"2016-06-17";"20094/16";"3672/16";"2016-07-21";2016;6;"2016-06-01";25;17,0385376;51,1078852
"2718";1945;"Reiner Jacek El¿bieta";"";"Malczewskiego Jacka,AM-9,dz.nr 50/13 ";"bud.mieszkalne jednorodzinne";"budowa budynku mieszkalnego jednorodzinnego wolno stoj¹cego";"nowe";"2016-06-16";"19864/16";"3673/16";"2016-07-21";2016;6;"2016-06-01";26;17,0385376;51,1078852
"2719";1955;"Cte Familia";"";"Radzyñska,AM-8,dz.nr 65  ";"bud.o dwóch mieszkaniach";"budowa zespo³u 4 budynków jednorodzinnych dwulokalowych w zabudowie bliŸniaczej.";"nowe";"2016-06-17";"20096/16";"3692/16";"2016-07-22";2016;6;"2016-06-01";26;17,0385376;51,1078852
"2720";1962;"Cte Familia";"";"Na³êczowska,AM-8,dz.nr 67  ";"bud.o dwóch mieszkaniach";"budowa zespo³u 14 budynków jednorodzinnych dwulokalowych w zabudowie bli¿niaczej";"nowe";"2016-06-03";"18140/16";"3706/16";"2016-07-22";2016;6;"2016-06-01";36;17,0385376;51,1078852
"2721";1969;"Protasiewicz Marcin Joanna";"";"Nefrytowa,AM-12,dz.nr 11/58  ";"bud.mieszkalne jednorodzinne";"budowa domu jednorodzinnego";"nowe";"2016-06-24";"20947/16";"3715/16";"2016-07-22";2016;6;"2016-06-01";21;17,0385376;51,1078852
"2722";1985;"Cte Familia";"";"Radzyñska,AM-8,dz.nr 66  ";"bud.o dwóch mieszkaniach";"budowa zespo³u budynków mieszkalnych jednorodzinnych";"nowe";"2016-06-17";"20095/16";"3746/16";"2016-07-26";2016;6;"2016-06-01";28;17,0385376;51,1078852
"2723";1986;"Osiedle Malownicze";"";"W¹sowicza Józefa 32 ";"bud.o dwóch mieszkaniach";"budowa budynku mieszkalnego jednorodzinnego";"nowe";"2016-06-24";"20966/16";"3747/16";"2016-07-26";2016;6;"2016-06-01";23;16,8748665;51,1613998
"2724";1990;"Rewal Bud";"";"¯ó³kiewskiego Stanis³awa,AM-2,dz.nr 18/19  ";"bud.o dwóch mieszkaniach";"budowa dwóch budynków mieszkalnych jednorodzinnych";"nowe";"2016-06-28";"21439/16";"3754/16";"2016-07-26";2016;6;"2016-06-01";21;17,0385376;51,1078852
"2725";1997;"Osiedle Malownicze";"";"Jahna Alfreda 12 ";"bud.o trzech i wiêcej mieszkaniach";"budowa budynku wielorodzinnego";"nowe";"2016-04-06";"10944/16";"3766/16";"2016-07-26";2016;4;"2016-04-01";80;16,8734874;51,1616158
